id;name;description
1;including;../fake-data/blob/hipster.txt
2;instead wherever out;../fake-data/blob/hipster.txt
3;belabor though instead;../fake-data/blob/hipster.txt
4;helpful coliseum;../fake-data/blob/hipster.txt
5;jaywalk that rule;../fake-data/blob/hipster.txt
6;archaeology tepid qua;../fake-data/blob/hipster.txt
7;pfft wealthy;../fake-data/blob/hipster.txt
8;yum plump apropos;../fake-data/blob/hipster.txt
9;incidentally;../fake-data/blob/hipster.txt
10;till;../fake-data/blob/hipster.txt
